uid,direccion
19,554
41,146
5,310
55,561
12,1015
15,1009
40,778
23,388
25,747
34,198
45,443
17,220
4,850
14,116
35,541
26,497
8,268
50,985
51,130
9,501
7,555
47,195
30,200
29,1051
11,440
16,398
3,1079
21,1060
46,1097
53,233
36,622
6,199
22,566
32,493
38,261
39,547
13,115
20,991
31,857
44,417
2,439
28,49
54,238
1,239
0,46
18,1052
43,1073
24,1016
56,333
52,69
42,513
37,776
48,20
27,160
49,530
10,210
33,1007
